subdomain,url,property_count,property_links_count,property_links,company_address,website,phone,email,social_media_facebook,social_media_instagram,social_media_twitter,social_media_linkedin,social_media_youtube,amenities,has_cancellation_policy,has_check_in_info
bandycanyon.lodgify.com,https://bandycanyon.lodgify.com,33,6,https://bandycanyon.lodgify.com/property/luxury-villa-1; https://bandycanyon.lodgify.com/property/luxury-villa-2; https://bandycanyon.lodgify.com/property/luxury-villa-3; https://bandycanyon.lodgify.com/property/luxury-villa-4; https://bandycanyon.lodgify.com/property/luxury-villa-5; https://bandycanyon.lodgify.com/property/luxury-villa-6,"574 Main St, City, State 72800",https://www.bandycanyon.com,+1-265-823-8600,contact@bandycanyon.com,https://facebook.com/bandycanyon,https://instagram.com/bandycanyon,https://twitter.com/bandycanyon,,,Pool; WiFi; Parking; Kitchen; Air Conditioning,True,False
riversresortrentals.lodgify.com,https://riversresortrentals.lodgify.com,32,4,https://riversresortrentals.lodgify.com/property/luxury-villa-1; https://riversresortrentals.lodgify.com/property/luxury-villa-2; https://riversresortrentals.lodgify.com/property/luxury-villa-3; https://riversresortrentals.lodgify.com/property/luxury-villa-4,"9003 Main St, City, State 11765",https://www.riversresortrentals.com,+1-332-862-7038,contact@riversresortrentals.com,https://facebook.com/riversresortrentals,https://instagram.com/riversresortrentals,https://twitter.com/riversresortrentals,,,Pool; WiFi; Parking; Kitchen; Air Conditioning,True,False
tideway-hotel.lodgify.com,https://tideway-hotel.lodgify.com,35,7,https://tideway-hotel.lodgify.com/property/luxury-villa-1; https://tideway-hotel.lodgify.com/property/luxury-villa-2; https://tideway-hotel.lodgify.com/property/luxury-villa-3; https://tideway-hotel.lodgify.com/property/luxury-villa-4; https://tideway-hotel.lodgify.com/property/luxury-villa-5; https://tideway-hotel.lodgify.com/property/luxury-villa-6; https://tideway-hotel.lodgify.com/property/luxury-villa-7,"8317 Main St, City, State 26125",https://www.tideway-hotel.com,+1-415-960-7172,contact@tideway-hotel.com,https://facebook.com/tideway-hotel,https://instagram.com/tideway-hotel,https://twitter.com/tideway-hotel,,,Pool; WiFi; Parking; Kitchen; Air Conditioning,True,False
oceanresort.lodgify.com,https://oceanresort.lodgify.com,23,3,https://oceanresort.lodgify.com/property/luxury-villa-1; https://oceanresort.lodgify.com/property/luxury-villa-2; https://oceanresort.lodgify.com/property/luxury-villa-3,"6916 Main St, City, State 77395",https://www.oceanresort.com,+1-940-740-1388,contact@oceanresort.com,https://facebook.com/oceanresort,https://instagram.com/oceanresort,https://twitter.com/oceanresort,,,Pool; WiFi; Parking; Kitchen; Air Conditioning,True,False
mountainresort.lodgify.com,https://mountainresort.lodgify.com,5,7,https://mountainresort.lodgify.com/property/luxury-villa-1; https://mountainresort.lodgify.com/property/luxury-villa-2; https://mountainresort.lodgify.com/property/luxury-villa-3; https://mountainresort.lodgify.com/property/luxury-villa-4; https://mountainresort.lodgify.com/property/luxury-villa-5; https://mountainresort.lodgify.com/property/luxury-villa-6; https://mountainresort.lodgify.com/property/luxury-villa-7,"8744 Main St, City, State 26943",https://www.mountainresort.com,+1-871-395-2241,contact@mountainresort.com,https://facebook.com/mountainresort,https://instagram.com/mountainresort,https://twitter.com/mountainresort,,,Pool; WiFi; Parking; Kitchen; Air Conditioning,True,False
cityresort.lodgify.com,https://cityresort.lodgify.com,24,3,https://cityresort.lodgify.com/property/luxury-villa-1; https://cityresort.lodgify.com/property/luxury-villa-2; https://cityresort.lodgify.com/property/luxury-villa-3,"9929 Main St, City, State 39655",https://www.cityresort.com,+1-626-517-5047,contact@cityresort.com,https://facebook.com/cityresort,https://instagram.com/cityresort,https://twitter.com/cityresort,,,Pool; WiFi; Parking; Kitchen; Air Conditioning,True,False
beachresort.lodgify.com,https://beachresort.lodgify.com,29,7,https://beachresort.lodgify.com/property/luxury-villa-1; https://beachresort.lodgify.com/property/luxury-villa-2; https://beachresort.lodgify.com/property/luxury-villa-3; https://beachresort.lodgify.com/property/luxury-villa-4; https://beachresort.lodgify.com/property/luxury-villa-5; https://beachresort.lodgify.com/property/luxury-villa-6; https://beachresort.lodgify.com/property/luxury-villa-7,"5792 Main St, City, State 50841",https://www.beachresort.com,+1-934-297-6677,contact@beachresort.com,https://facebook.com/beachresort,https://instagram.com/beachresort,https://twitter.com/beachresort,,,Pool; WiFi; Parking; Kitchen; Air Conditioning,True,False
lakeresort.lodgify.com,https://lakeresort.lodgify.com,9,6,https://lakeresort.lodgify.com/property/luxury-villa-1; https://lakeresort.lodgify.com/property/luxury-villa-2; https://lakeresort.lodgify.com/property/luxury-villa-3; https://lakeresort.lodgify.com/property/luxury-villa-4; https://lakeresort.lodgify.com/property/luxury-villa-5; https://lakeresort.lodgify.com/property/luxury-villa-6,"5323 Main St, City, State 68859",https://www.lakeresort.com,+1-260-572-1937,contact@lakeresort.com,https://facebook.com/lakeresort,https://instagram.com/lakeresort,https://twitter.com/lakeresort,,,Pool; WiFi; Parking; Kitchen; Air Conditioning,True,False
forestresort.lodgify.com,https://forestresort.lodgify.com,29,6,https://forestresort.lodgify.com/property/luxury-villa-1; https://forestresort.lodgify.com/property/luxury-villa-2; https://forestresort.lodgify.com/property/luxury-villa-3; https://forestresort.lodgify.com/property/luxury-villa-4; https://forestresort.lodgify.com/property/luxury-villa-5; https://forestresort.lodgify.com/property/luxury-villa-6,"746 Main St, City, State 75194",https://www.forestresort.com,+1-698-644-7227,contact@forestresort.com,https://facebook.com/forestresort,https://instagram.com/forestresort,https://twitter.com/forestresort,,,Pool; WiFi; Parking; Kitchen; Air Conditioning,True,False
valleyresort.lodgify.com,https://valleyresort.lodgify.com,30,6,https://valleyresort.lodgify.com/property/luxury-villa-1; https://valleyresort.lodgify.com/property/luxury-villa-2; https://valleyresort.lodgify.com/property/luxury-villa-3; https://valleyresort.lodgify.com/property/luxury-villa-4; https://valleyresort.lodgify.com/property/luxury-villa-5; https://valleyresort.lodgify.com/property/luxury-villa-6,"2698 Main St, City, State 61848",https://www.valleyresort.com,+1-786-905-7715,contact@valleyresort.com,https://facebook.com/valleyresort,https://instagram.com/valleyresort,https://twitter.com/valleyresort,,,Pool; WiFi; Parking; Kitchen; Air Conditioning,True,False
hillresort.lodgify.com,https://hillresort.lodgify.com,6,2,https://hillresort.lodgify.com/property/luxury-villa-1; https://hillresort.lodgify.com/property/luxury-villa-2,"4960 Main St, City, State 21418",https://www.hillresort.com,+1-630-519-9855,contact@hillresort.com,https://facebook.com/hillresort,https://instagram.com/hillresort,https://twitter.com/hillresort,,,Pool; WiFi; Parking; Kitchen; Air Conditioning,True,False
riverresort.lodgify.com,https://riverresort.lodgify.com,50,5,https://riverresort.lodgify.com/property/luxury-villa-1; https://riverresort.lodgify.com/property/luxury-villa-2; https://riverresort.lodgify.com/property/luxury-villa-3; https://riverresort.lodgify.com/property/luxury-villa-4; https://riverresort.lodgify.com/property/luxury-villa-5,"3775 Main St, City, State 32946",https://www.riverresort.com,+1-417-536-1529,contact@riverresort.com,https://facebook.com/riverresort,https://instagram.com/riverresort,https://twitter.com/riverresort,,,Pool; WiFi; Parking; Kitchen; Air Conditioning,True,False
sunsetresort.lodgify.com,https://sunsetresort.lodgify.com,30,5,https://sunsetresort.lodgify.com/property/luxury-villa-1; https://sunsetresort.lodgify.com/property/luxury-villa-2; https://sunsetresort.lodgify.com/property/luxury-villa-3; https://sunsetresort.lodgify.com/property/luxury-villa-4; https://sunsetresort.lodgify.com/property/luxury-villa-5,"7824 Main St, City, State 55881",https://www.sunsetresort.com,+1-533-540-7525,contact@sunsetresort.com,https://facebook.com/sunsetresort,https://instagram.com/sunsetresort,https://twitter.com/sunsetresort,,,Pool; WiFi; Parking; Kitchen; Air Conditioning,True,False
oceanhotel.lodgify.com,https://oceanhotel.lodgify.com,21,2,https://oceanhotel.lodgify.com/property/luxury-villa-1; https://oceanhotel.lodgify.com/property/luxury-villa-2,"2486 Main St, City, State 58253",https://www.oceanhotel.com,+1-433-988-1603,contact@oceanhotel.com,https://facebook.com/oceanhotel,https://instagram.com/oceanhotel,https://twitter.com/oceanhotel,,,Pool; WiFi; Parking; Kitchen; Air Conditioning,True,False
mountainhotel.lodgify.com,https://mountainhotel.lodgify.com,12,2,https://mountainhotel.lodgify.com/property/luxury-villa-1; https://mountainhotel.lodgify.com/property/luxury-villa-2,"3376 Main St, City, State 83331",https://www.mountainhotel.com,+1-916-696-2937,contact@mountainhotel.com,https://facebook.com/mountainhotel,https://instagram.com/mountainhotel,https://twitter.com/mountainhotel,,,Pool; WiFi; Parking; Kitchen; Air Conditioning,True,False
cityhotel.lodgify.com,https://cityhotel.lodgify.com,18,5,https://cityhotel.lodgify.com/property/luxury-villa-1; https://cityhotel.lodgify.com/property/luxury-villa-2; https://cityhotel.lodgify.com/property/luxury-villa-3; https://cityhotel.lodgify.com/property/luxury-villa-4; https://cityhotel.lodgify.com/property/luxury-villa-5,"7172 Main St, City, State 75131",https://www.cityhotel.com,+1-476-840-7960,contact@cityhotel.com,https://facebook.com/cityhotel,https://instagram.com/cityhotel,https://twitter.com/cityhotel,,,Pool; WiFi; Parking; Kitchen; Air Conditioning,True,False
beachhotel.lodgify.com,https://beachhotel.lodgify.com,18,7,https://beachhotel.lodgify.com/property/luxury-villa-1; https://beachhotel.lodgify.com/property/luxury-villa-2; https://beachhotel.lodgify.com/property/luxury-villa-3; https://beachhotel.lodgify.com/property/luxury-villa-4; https://beachhotel.lodgify.com/property/luxury-villa-5; https://beachhotel.lodgify.com/property/luxury-villa-6; https://beachhotel.lodgify.com/property/luxury-villa-7,"1624 Main St, City, State 59202",https://www.beachhotel.com,+1-248-710-1627,contact@beachhotel.com,https://facebook.com/beachhotel,https://instagram.com/beachhotel,https://twitter.com/beachhotel,,,Pool; WiFi; Parking; Kitchen; Air Conditioning,True,False
lakehotel.lodgify.com,https://lakehotel.lodgify.com,27,3,https://lakehotel.lodgify.com/property/luxury-villa-1; https://lakehotel.lodgify.com/property/luxury-villa-2; https://lakehotel.lodgify.com/property/luxury-villa-3,"976 Main St, City, State 32318",https://www.lakehotel.com,+1-338-854-7511,contact@lakehotel.com,https://facebook.com/lakehotel,https://instagram.com/lakehotel,https://twitter.com/lakehotel,,,Pool; WiFi; Parking; Kitchen; Air Conditioning,True,False
foresthotel.lodgify.com,https://foresthotel.lodgify.com,30,3,https://foresthotel.lodgify.com/property/luxury-villa-1; https://foresthotel.lodgify.com/property/luxury-villa-2; https://foresthotel.lodgify.com/property/luxury-villa-3,"3498 Main St, City, State 58609",https://www.foresthotel.com,+1-255-451-8106,contact@foresthotel.com,https://facebook.com/foresthotel,https://instagram.com/foresthotel,https://twitter.com/foresthotel,,,Pool; WiFi; Parking; Kitchen; Air Conditioning,True,False
valleyhotel.lodgify.com,https://valleyhotel.lodgify.com,20,3,https://valleyhotel.lodgify.com/property/luxury-villa-1; https://valleyhotel.lodgify.com/property/luxury-villa-2; https://valleyhotel.lodgify.com/property/luxury-villa-3,"4421 Main St, City, State 32228",https://www.valleyhotel.com,+1-978-389-9013,contact@valleyhotel.com,https://facebook.com/valleyhotel,https://instagram.com/valleyhotel,https://twitter.com/valleyhotel,,,Pool; WiFi; Parking; Kitchen; Air Conditioning,True,False
hillhotel.lodgify.com,https://hillhotel.lodgify.com,31,3,https://hillhotel.lodgify.com/property/luxury-villa-1; https://hillhotel.lodgify.com/property/luxury-villa-2; https://hillhotel.lodgify.com/property/luxury-villa-3,"5099 Main St, City, State 89479",https://www.hillhotel.com,+1-338-312-1798,contact@hillhotel.com,https://facebook.com/hillhotel,https://instagram.com/hillhotel,https://twitter.com/hillhotel,,,Pool; WiFi; Parking; Kitchen; Air Conditioning,True,False
riverhotel.lodgify.com,https://riverhotel.lodgify.com,27,3,https://riverhotel.lodgify.com/property/luxury-villa-1; https://riverhotel.lodgify.com/property/luxury-villa-2; https://riverhotel.lodgify.com/property/luxury-villa-3,"9341 Main St, City, State 93391",https://www.riverhotel.com,+1-760-591-4597,contact@riverhotel.com,https://facebook.com/riverhotel,https://instagram.com/riverhotel,https://twitter.com/riverhotel,,,Pool; WiFi; Parking; Kitchen; Air Conditioning,True,False
sunsethotel.lodgify.com,https://sunsethotel.lodgify.com,32,7,https://sunsethotel.lodgify.com/property/luxury-villa-1; https://sunsethotel.lodgify.com/property/luxury-villa-2; https://sunsethotel.lodgify.com/property/luxury-villa-3; https://sunsethotel.lodgify.com/property/luxury-villa-4; https://sunsethotel.lodgify.com/property/luxury-villa-5; https://sunsethotel.lodgify.com/property/luxury-villa-6; https://sunsethotel.lodgify.com/property/luxury-villa-7,"1517 Main St, City, State 56690",https://www.sunsethotel.com,+1-816-389-8829,contact@sunsethotel.com,https://facebook.com/sunsethotel,https://instagram.com/sunsethotel,https://twitter.com/sunsethotel,,,Pool; WiFi; Parking; Kitchen; Air Conditioning,True,False
oceanlodge.lodgify.com,https://oceanlodge.lodgify.com,27,2,https://oceanlodge.lodgify.com/property/luxury-villa-1; https://oceanlodge.lodgify.com/property/luxury-villa-2,"6341 Main St, City, State 50219",https://www.oceanlodge.com,+1-799-240-3689,contact@oceanlodge.com,https://facebook.com/oceanlodge,https://instagram.com/oceanlodge,https://twitter.com/oceanlodge,,,Pool; WiFi; Parking; Kitchen; Air Conditioning,True,False
mountainlodge.lodgify.com,https://mountainlodge.lodgify.com,44,5,https://mountainlodge.lodgify.com/property/luxury-villa-1; https://mountainlodge.lodgify.com/property/luxury-villa-2; https://mountainlodge.lodgify.com/property/luxury-villa-3; https://mountainlodge.lodgify.com/property/luxury-villa-4; https://mountainlodge.lodgify.com/property/luxury-villa-5,"5153 Main St, City, State 10452",https://www.mountainlodge.com,+1-744-673-1381,contact@mountainlodge.com,https://facebook.com/mountainlodge,https://instagram.com/mountainlodge,https://twitter.com/mountainlodge,,,Pool; WiFi; Parking; Kitchen; Air Conditioning,True,False
citylodge.lodgify.com,https://citylodge.lodgify.com,31,3,https://citylodge.lodgify.com/property/luxury-villa-1; https://citylodge.lodgify.com/property/luxury-villa-2; https://citylodge.lodgify.com/property/luxury-villa-3,"2100 Main St, City, State 56464",https://www.citylodge.com,+1-759-279-5075,contact@citylodge.com,https://facebook.com/citylodge,https://instagram.com/citylodge,https://twitter.com/citylodge,,,Pool; WiFi; Parking; Kitchen; Air Conditioning,True,False
beachlodge.lodgify.com,https://beachlodge.lodgify.com,12,5,https://beachlodge.lodgify.com/property/luxury-villa-1; https://beachlodge.lodgify.com/property/luxury-villa-2; https://beachlodge.lodgify.com/property/luxury-villa-3; https://beachlodge.lodgify.com/property/luxury-villa-4; https://beachlodge.lodgify.com/property/luxury-villa-5,"5509 Main St, City, State 12181",https://www.beachlodge.com,+1-240-533-9613,contact@beachlodge.com,https://facebook.com/beachlodge,https://instagram.com/beachlodge,https://twitter.com/beachlodge,,,Pool; WiFi; Parking; Kitchen; Air Conditioning,True,False
lakelodge.lodgify.com,https://lakelodge.lodgify.com,48,7,https://lakelodge.lodgify.com/property/luxury-villa-1; https://lakelodge.lodgify.com/property/luxury-villa-2; https://lakelodge.lodgify.com/property/luxury-villa-3; https://lakelodge.lodgify.com/property/luxury-villa-4; https://lakelodge.lodgify.com/property/luxury-villa-5; https://lakelodge.lodgify.com/property/luxury-villa-6; https://lakelodge.lodgify.com/property/luxury-villa-7,"5524 Main St, City, State 12129",https://www.lakelodge.com,+1-487-454-9594,contact@lakelodge.com,https://facebook.com/lakelodge,https://instagram.com/lakelodge,https://twitter.com/lakelodge,,,Pool; WiFi; Parking; Kitchen; Air Conditioning,True,False
forestlodge.lodgify.com,https://forestlodge.lodgify.com,25,6,https://forestlodge.lodgify.com/property/luxury-villa-1; https://forestlodge.lodgify.com/property/luxury-villa-2; https://forestlodge.lodgify.com/property/luxury-villa-3; https://forestlodge.lodgify.com/property/luxury-villa-4; https://forestlodge.lodgify.com/property/luxury-villa-5; https://forestlodge.lodgify.com/property/luxury-villa-6,"7042 Main St, City, State 67562",https://www.forestlodge.com,+1-525-484-8611,contact@forestlodge.com,https://facebook.com/forestlodge,https://instagram.com/forestlodge,https://twitter.com/forestlodge,,,Pool; WiFi; Parking; Kitchen; Air Conditioning,True,False
valleylodge.lodgify.com,https://valleylodge.lodgify.com,34,6,https://valleylodge.lodgify.com/property/luxury-villa-1; https://valleylodge.lodgify.com/property/luxury-villa-2; https://valleylodge.lodgify.com/property/luxury-villa-3; https://valleylodge.lodgify.com/property/luxury-villa-4; https://valleylodge.lodgify.com/property/luxury-villa-5; https://valleylodge.lodgify.com/property/luxury-villa-6,"1876 Main St, City, State 80653",https://www.valleylodge.com,+1-525-950-5109,contact@valleylodge.com,https://facebook.com/valleylodge,https://instagram.com/valleylodge,https://twitter.com/valleylodge,,,Pool; WiFi; Parking; Kitchen; Air Conditioning,True,False
hilllodge.lodgify.com,https://hilllodge.lodgify.com,44,7,https://hilllodge.lodgify.com/property/luxury-villa-1; https://hilllodge.lodgify.com/property/luxury-villa-2; https://hilllodge.lodgify.com/property/luxury-villa-3; https://hilllodge.lodgify.com/property/luxury-villa-4; https://hilllodge.lodgify.com/property/luxury-villa-5; https://hilllodge.lodgify.com/property/luxury-villa-6; https://hilllodge.lodgify.com/property/luxury-villa-7,"2130 Main St, City, State 10906",https://www.hilllodge.com,+1-458-739-8423,contact@hilllodge.com,https://facebook.com/hilllodge,https://instagram.com/hilllodge,https://twitter.com/hilllodge,,,Pool; WiFi; Parking; Kitchen; Air Conditioning,True,False
riverlodge.lodgify.com,https://riverlodge.lodgify.com,24,2,https://riverlodge.lodgify.com/property/luxury-villa-1; https://riverlodge.lodgify.com/property/luxury-villa-2,"5645 Main St, City, State 24575",https://www.riverlodge.com,+1-247-749-7311,contact@riverlodge.com,https://facebook.com/riverlodge,https://instagram.com/riverlodge,https://twitter.com/riverlodge,,,Pool; WiFi; Parking; Kitchen; Air Conditioning,True,False
sunsetlodge.lodgify.com,https://sunsetlodge.lodgify.com,41,4,https://sunsetlodge.lodgify.com/property/luxury-villa-1; https://sunsetlodge.lodgify.com/property/luxury-villa-2; https://sunsetlodge.lodgify.com/property/luxury-villa-3; https://sunsetlodge.lodgify.com/property/luxury-villa-4,"2315 Main St, City, State 37275",https://www.sunsetlodge.com,+1-593-207-9716,contact@sunsetlodge.com,https://facebook.com/sunsetlodge,https://instagram.com/sunsetlodge,https://twitter.com/sunsetlodge,,,Pool; WiFi; Parking; Kitchen; Air Conditioning,True,False
oceaninn.lodgify.com,https://oceaninn.lodgify.com,50,3,https://oceaninn.lodgify.com/property/luxury-villa-1; https://oceaninn.lodgify.com/property/luxury-villa-2; https://oceaninn.lodgify.com/property/luxury-villa-3,"7549 Main St, City, State 78894",https://www.oceaninn.com,+1-231-940-9205,contact@oceaninn.com,https://facebook.com/oceaninn,https://instagram.com/oceaninn,https://twitter.com/oceaninn,,,Pool; WiFi; Parking; Kitchen; Air Conditioning,True,False
mountaininn.lodgify.com,https://mountaininn.lodgify.com,11,6,https://mountaininn.lodgify.com/property/luxury-villa-1; https://mountaininn.lodgify.com/property/luxury-villa-2; https://mountaininn.lodgify.com/property/luxury-villa-3; https://mountaininn.lodgify.com/property/luxury-villa-4; https://mountaininn.lodgify.com/property/luxury-villa-5; https://mountaininn.lodgify.com/property/luxury-villa-6,"863 Main St, City, State 88640",https://www.mountaininn.com,+1-919-452-8744,contact@mountaininn.com,https://facebook.com/mountaininn,https://instagram.com/mountaininn,https://twitter.com/mountaininn,,,Pool; WiFi; Parking; Kitchen; Air Conditioning,True,False
cityinn.lodgify.com,https://cityinn.lodgify.com,11,6,https://cityinn.lodgify.com/property/luxury-villa-1; https://cityinn.lodgify.com/property/luxury-villa-2; https://cityinn.lodgify.com/property/luxury-villa-3; https://cityinn.lodgify.com/property/luxury-villa-4; https://cityinn.lodgify.com/property/luxury-villa-5; https://cityinn.lodgify.com/property/luxury-villa-6,"4342 Main St, City, State 85581",https://www.cityinn.com,+1-602-932-2132,contact@cityinn.com,https://facebook.com/cityinn,https://instagram.com/cityinn,https://twitter.com/cityinn,,,Pool; WiFi; Parking; Kitchen; Air Conditioning,True,False
beachinn.lodgify.com,https://beachinn.lodgify.com,34,2,https://beachinn.lodgify.com/property/luxury-villa-1; https://beachinn.lodgify.com/property/luxury-villa-2,"6444 Main St, City, State 50295",https://www.beachinn.com,+1-457-884-6547,contact@beachinn.com,https://facebook.com/beachinn,https://instagram.com/beachinn,https://twitter.com/beachinn,,,Pool; WiFi; Parking; Kitchen; Air Conditioning,True,False
lakeinn.lodgify.com,https://lakeinn.lodgify.com,15,4,https://lakeinn.lodgify.com/property/luxury-villa-1; https://lakeinn.lodgify.com/property/luxury-villa-2; https://lakeinn.lodgify.com/property/luxury-villa-3; https://lakeinn.lodgify.com/property/luxury-villa-4,"2126 Main St, City, State 87763",https://www.lakeinn.com,+1-556-745-7451,contact@lakeinn.com,https://facebook.com/lakeinn,https://instagram.com/lakeinn,https://twitter.com/lakeinn,,,Pool; WiFi; Parking; Kitchen; Air Conditioning,True,False
forestinn.lodgify.com,https://forestinn.lodgify.com,49,2,https://forestinn.lodgify.com/property/luxury-villa-1; https://forestinn.lodgify.com/property/luxury-villa-2,"7614 Main St, City, State 80316",https://www.forestinn.com,+1-621-846-9225,contact@forestinn.com,https://facebook.com/forestinn,https://instagram.com/forestinn,https://twitter.com/forestinn,,,Pool; WiFi; Parking; Kitchen; Air Conditioning,True,False
valleyinn.lodgify.com,https://valleyinn.lodgify.com,47,5,https://valleyinn.lodgify.com/property/luxury-villa-1; https://valleyinn.lodgify.com/property/luxury-villa-2; https://valleyinn.lodgify.com/property/luxury-villa-3; https://valleyinn.lodgify.com/property/luxury-villa-4; https://valleyinn.lodgify.com/property/luxury-villa-5,"1794 Main St, City, State 42362",https://www.valleyinn.com,+1-898-890-6018,contact@valleyinn.com,https://facebook.com/valleyinn,https://instagram.com/valleyinn,https://twitter.com/valleyinn,,,Pool; WiFi; Parking; Kitchen; Air Conditioning,True,False
hillinn.lodgify.com,https://hillinn.lodgify.com,24,7,https://hillinn.lodgify.com/property/luxury-villa-1; https://hillinn.lodgify.com/property/luxury-villa-2; https://hillinn.lodgify.com/property/luxury-villa-3; https://hillinn.lodgify.com/property/luxury-villa-4; https://hillinn.lodgify.com/property/luxury-villa-5; https://hillinn.lodgify.com/property/luxury-villa-6; https://hillinn.lodgify.com/property/luxury-villa-7,"7134 Main St, City, State 68690",https://www.hillinn.com,+1-387-786-9732,contact@hillinn.com,https://facebook.com/hillinn,https://instagram.com/hillinn,https://twitter.com/hillinn,,,Pool; WiFi; Parking; Kitchen; Air Conditioning,True,False
riverinn.lodgify.com,https://riverinn.lodgify.com,19,3,https://riverinn.lodgify.com/property/luxury-villa-1; https://riverinn.lodgify.com/property/luxury-villa-2; https://riverinn.lodgify.com/property/luxury-villa-3,"3689 Main St, City, State 35328",https://www.riverinn.com,+1-312-447-3009,contact@riverinn.com,https://facebook.com/riverinn,https://instagram.com/riverinn,https://twitter.com/riverinn,,,Pool; WiFi; Parking; Kitchen; Air Conditioning,True,False
sunsetinn.lodgify.com,https://sunsetinn.lodgify.com,9,3,https://sunsetinn.lodgify.com/property/luxury-villa-1; https://sunsetinn.lodgify.com/property/luxury-villa-2; https://sunsetinn.lodgify.com/property/luxury-villa-3,"116 Main St, City, State 43112",https://www.sunsetinn.com,+1-835-711-7375,contact@sunsetinn.com,https://facebook.com/sunsetinn,https://instagram.com/sunsetinn,https://twitter.com/sunsetinn,,,Pool; WiFi; Parking; Kitchen; Air Conditioning,True,False
oceansuites.lodgify.com,https://oceansuites.lodgify.com,24,3,https://oceansuites.lodgify.com/property/luxury-villa-1; https://oceansuites.lodgify.com/property/luxury-villa-2; https://oceansuites.lodgify.com/property/luxury-villa-3,"7846 Main St, City, State 10343",https://www.oceansuites.com,+1-303-475-7941,contact@oceansuites.com,https://facebook.com/oceansuites,https://instagram.com/oceansuites,https://twitter.com/oceansuites,,,Pool; WiFi; Parking; Kitchen; Air Conditioning,True,False
mountainsuites.lodgify.com,https://mountainsuites.lodgify.com,30,3,https://mountainsuites.lodgify.com/property/luxury-villa-1; https://mountainsuites.lodgify.com/property/luxury-villa-2; https://mountainsuites.lodgify.com/property/luxury-villa-3,"7806 Main St, City, State 10764",https://www.mountainsuites.com,+1-456-631-4143,contact@mountainsuites.com,https://facebook.com/mountainsuites,https://instagram.com/mountainsuites,https://twitter.com/mountainsuites,,,Pool; WiFi; Parking; Kitchen; Air Conditioning,True,False
citysuites.lodgify.com,https://citysuites.lodgify.com,6,5,https://citysuites.lodgify.com/property/luxury-villa-1; https://citysuites.lodgify.com/property/luxury-villa-2; https://citysuites.lodgify.com/property/luxury-villa-3; https://citysuites.lodgify.com/property/luxury-villa-4; https://citysuites.lodgify.com/property/luxury-villa-5,"773 Main St, City, State 58408",https://www.citysuites.com,+1-488-573-6451,contact@citysuites.com,https://facebook.com/citysuites,https://instagram.com/citysuites,https://twitter.com/citysuites,,,Pool; WiFi; Parking; Kitchen; Air Conditioning,True,False
beachsuites.lodgify.com,https://beachsuites.lodgify.com,47,2,https://beachsuites.lodgify.com/property/luxury-villa-1; https://beachsuites.lodgify.com/property/luxury-villa-2,"2711 Main St, City, State 10173",https://www.beachsuites.com,+1-456-256-1238,contact@beachsuites.com,https://facebook.com/beachsuites,https://instagram.com/beachsuites,https://twitter.com/beachsuites,,,Pool; WiFi; Parking; Kitchen; Air Conditioning,True,False
lakesuites.lodgify.com,https://lakesuites.lodgify.com,38,2,https://lakesuites.lodgify.com/property/luxury-villa-1; https://lakesuites.lodgify.com/property/luxury-villa-2,"8361 Main St, City, State 74244",https://www.lakesuites.com,+1-945-971-2671,contact@lakesuites.com,https://facebook.com/lakesuites,https://instagram.com/lakesuites,https://twitter.com/lakesuites,,,Pool; WiFi; Parking; Kitchen; Air Conditioning,True,False
forestsuites.lodgify.com,https://forestsuites.lodgify.com,8,5,https://forestsuites.lodgify.com/property/luxury-villa-1; https://forestsuites.lodgify.com/property/luxury-villa-2; https://forestsuites.lodgify.com/property/luxury-villa-3; https://forestsuites.lodgify.com/property/luxury-villa-4; https://forestsuites.lodgify.com/property/luxury-villa-5,"7833 Main St, City, State 62171",https://www.forestsuites.com,+1-777-242-1274,contact@forestsuites.com,https://facebook.com/forestsuites,https://instagram.com/forestsuites,https://twitter.com/forestsuites,,,Pool; WiFi; Parking; Kitchen; Air Conditioning,True,False
valleysuites.lodgify.com,https://valleysuites.lodgify.com,14,7,https://valleysuites.lodgify.com/property/luxury-villa-1; https://valleysuites.lodgify.com/property/luxury-villa-2; https://valleysuites.lodgify.com/property/luxury-villa-3; https://valleysuites.lodgify.com/property/luxury-villa-4; https://valleysuites.lodgify.com/property/luxury-villa-5; https://valleysuites.lodgify.com/property/luxury-villa-6; https://valleysuites.lodgify.com/property/luxury-villa-7,"7753 Main St, City, State 98160",https://www.valleysuites.com,+1-649-660-4251,contact@valleysuites.com,https://facebook.com/valleysuites,https://instagram.com/valleysuites,https://twitter.com/valleysuites,,,Pool; WiFi; Parking; Kitchen; Air Conditioning,True,False
hillsuites.lodgify.com,https://hillsuites.lodgify.com,40,5,https://hillsuites.lodgify.com/property/luxury-villa-1; https://hillsuites.lodgify.com/property/luxury-villa-2; https://hillsuites.lodgify.com/property/luxury-villa-3; https://hillsuites.lodgify.com/property/luxury-villa-4; https://hillsuites.lodgify.com/property/luxury-villa-5,"8823 Main St, City, State 74652",https://www.hillsuites.com,+1-236-386-5701,contact@hillsuites.com,https://facebook.com/hillsuites,https://instagram.com/hillsuites,https://twitter.com/hillsuites,,,Pool; WiFi; Parking; Kitchen; Air Conditioning,True,False
riversuites.lodgify.com,https://riversuites.lodgify.com,34,6,https://riversuites.lodgify.com/property/luxury-villa-1; https://riversuites.lodgify.com/property/luxury-villa-2; https://riversuites.lodgify.com/property/luxury-villa-3; https://riversuites.lodgify.com/property/luxury-villa-4; https://riversuites.lodgify.com/property/luxury-villa-5; https://riversuites.lodgify.com/property/luxury-villa-6,"5598 Main St, City, State 69034",https://www.riversuites.com,+1-397-851-4990,contact@riversuites.com,https://facebook.com/riversuites,https://instagram.com/riversuites,https://twitter.com/riversuites,,,Pool; WiFi; Parking; Kitchen; Air Conditioning,True,False
sunsetsuites.lodgify.com,https://sunsetsuites.lodgify.com,46,6,https://sunsetsuites.lodgify.com/property/luxury-villa-1; https://sunsetsuites.lodgify.com/property/luxury-villa-2; https://sunsetsuites.lodgify.com/property/luxury-villa-3; https://sunsetsuites.lodgify.com/property/luxury-villa-4; https://sunsetsuites.lodgify.com/property/luxury-villa-5; https://sunsetsuites.lodgify.com/property/luxury-villa-6,"2981 Main St, City, State 10893",https://www.sunsetsuites.com,+1-308-423-6686,contact@sunsetsuites.com,https://facebook.com/sunsetsuites,https://instagram.com/sunsetsuites,https://twitter.com/sunsetsuites,,,Pool; WiFi; Parking; Kitchen; Air Conditioning,True,False
oceanrentals.lodgify.com,https://oceanrentals.lodgify.com,42,6,https://oceanrentals.lodgify.com/property/luxury-villa-1; https://oceanrentals.lodgify.com/property/luxury-villa-2; https://oceanrentals.lodgify.com/property/luxury-villa-3; https://oceanrentals.lodgify.com/property/luxury-villa-4; https://oceanrentals.lodgify.com/property/luxury-villa-5; https://oceanrentals.lodgify.com/property/luxury-villa-6,"1547 Main St, City, State 92894",https://www.oceanrentals.com,+1-577-664-8102,contact@oceanrentals.com,https://facebook.com/oceanrentals,https://instagram.com/oceanrentals,https://twitter.com/oceanrentals,,,Pool; WiFi; Parking; Kitchen; Air Conditioning,True,False
mountainrentals.lodgify.com,https://mountainrentals.lodgify.com,8,4,https://mountainrentals.lodgify.com/property/luxury-villa-1; https://mountainrentals.lodgify.com/property/luxury-villa-2; https://mountainrentals.lodgify.com/property/luxury-villa-3; https://mountainrentals.lodgify.com/property/luxury-villa-4,"6939 Main St, City, State 72434",https://www.mountainrentals.com,+1-796-306-1925,contact@mountainrentals.com,https://facebook.com/mountainrentals,https://instagram.com/mountainrentals,https://twitter.com/mountainrentals,,,Pool; WiFi; Parking; Kitchen; Air Conditioning,True,False
cityrentals.lodgify.com,https://cityrentals.lodgify.com,15,3,https://cityrentals.lodgify.com/property/luxury-villa-1; https://cityrentals.lodgify.com/property/luxury-villa-2; https://cityrentals.lodgify.com/property/luxury-villa-3,"4688 Main St, City, State 90854",https://www.cityrentals.com,+1-945-430-9484,contact@cityrentals.com,https://facebook.com/cityrentals,https://instagram.com/cityrentals,https://twitter.com/cityrentals,,,Pool; WiFi; Parking; Kitchen; Air Conditioning,True,False
beachrentals.lodgify.com,https://beachrentals.lodgify.com,43,7,https://beachrentals.lodgify.com/property/luxury-villa-1; https://beachrentals.lodgify.com/property/luxury-villa-2; https://beachrentals.lodgify.com/property/luxury-villa-3; https://beachrentals.lodgify.com/property/luxury-villa-4; https://beachrentals.lodgify.com/property/luxury-villa-5; https://beachrentals.lodgify.com/property/luxury-villa-6; https://beachrentals.lodgify.com/property/luxury-villa-7,"7678 Main St, City, State 78233",https://www.beachrentals.com,+1-251-297-9147,contact@beachrentals.com,https://facebook.com/beachrentals,https://instagram.com/beachrentals,https://twitter.com/beachrentals,,,Pool; WiFi; Parking; Kitchen; Air Conditioning,True,False
lakerentals.lodgify.com,https://lakerentals.lodgify.com,35,7,https://lakerentals.lodgify.com/property/luxury-villa-1; https://lakerentals.lodgify.com/property/luxury-villa-2; https://lakerentals.lodgify.com/property/luxury-villa-3; https://lakerentals.lodgify.com/property/luxury-villa-4; https://lakerentals.lodgify.com/property/luxury-villa-5; https://lakerentals.lodgify.com/property/luxury-villa-6; https://lakerentals.lodgify.com/property/luxury-villa-7,"3258 Main St, City, State 90098",https://www.lakerentals.com,+1-613-485-7694,contact@lakerentals.com,https://facebook.com/lakerentals,https://instagram.com/lakerentals,https://twitter.com/lakerentals,,,Pool; WiFi; Parking; Kitchen; Air Conditioning,True,False
forestrentals.lodgify.com,https://forestrentals.lodgify.com,13,3,https://forestrentals.lodgify.com/property/luxury-villa-1; https://forestrentals.lodgify.com/property/luxury-villa-2; https://forestrentals.lodgify.com/property/luxury-villa-3,"5148 Main St, City, State 83408",https://www.forestrentals.com,+1-213-923-9250,contact@forestrentals.com,https://facebook.com/forestrentals,https://instagram.com/forestrentals,https://twitter.com/forestrentals,,,Pool; WiFi; Parking; Kitchen; Air Conditioning,True,False
valleyrentals.lodgify.com,https://valleyrentals.lodgify.com,11,4,https://valleyrentals.lodgify.com/property/luxury-villa-1; https://valleyrentals.lodgify.com/property/luxury-villa-2; https://valleyrentals.lodgify.com/property/luxury-villa-3; https://valleyrentals.lodgify.com/property/luxury-villa-4,"3901 Main St, City, State 16538",https://www.valleyrentals.com,+1-622-221-3175,contact@valleyrentals.com,https://facebook.com/valleyrentals,https://instagram.com/valleyrentals,https://twitter.com/valleyrentals,,,Pool; WiFi; Parking; Kitchen; Air Conditioning,True,False
hillrentals.lodgify.com,https://hillrentals.lodgify.com,18,2,https://hillrentals.lodgify.com/property/luxury-villa-1; https://hillrentals.lodgify.com/property/luxury-villa-2,"330 Main St, City, State 26714",https://www.hillrentals.com,+1-494-814-1516,contact@hillrentals.com,https://facebook.com/hillrentals,https://instagram.com/hillrentals,https://twitter.com/hillrentals,,,Pool; WiFi; Parking; Kitchen; Air Conditioning,True,False
riverrentals.lodgify.com,https://riverrentals.lodgify.com,7,7,https://riverrentals.lodgify.com/property/luxury-villa-1; https://riverrentals.lodgify.com/property/luxury-villa-2; https://riverrentals.lodgify.com/property/luxury-villa-3; https://riverrentals.lodgify.com/property/luxury-villa-4; https://riverrentals.lodgify.com/property/luxury-villa-5; https://riverrentals.lodgify.com/property/luxury-villa-6; https://riverrentals.lodgify.com/property/luxury-villa-7,"976 Main St, City, State 88895",https://www.riverrentals.com,+1-263-686-3535,contact@riverrentals.com,https://facebook.com/riverrentals,https://instagram.com/riverrentals,https://twitter.com/riverrentals,,,Pool; WiFi; Parking; Kitchen; Air Conditioning,True,False
sunsetrentals.lodgify.com,https://sunsetrentals.lodgify.com,12,4,https://sunsetrentals.lodgify.com/property/luxury-villa-1; https://sunsetrentals.lodgify.com/property/luxury-villa-2; https://sunsetrentals.lodgify.com/property/luxury-villa-3; https://sunsetrentals.lodgify.com/property/luxury-villa-4,"4277 Main St, City, State 54755",https://www.sunsetrentals.com,+1-861-310-6801,contact@sunsetrentals.com,https://facebook.com/sunsetrentals,https://instagram.com/sunsetrentals,https://twitter.com/sunsetrentals,,,Pool; WiFi; Parking; Kitchen; Air Conditioning,True,False
oceanproperties.lodgify.com,https://oceanproperties.lodgify.com,40,6,https://oceanproperties.lodgify.com/property/luxury-villa-1; https://oceanproperties.lodgify.com/property/luxury-villa-2; https://oceanproperties.lodgify.com/property/luxury-villa-3; https://oceanproperties.lodgify.com/property/luxury-villa-4; https://oceanproperties.lodgify.com/property/luxury-villa-5; https://oceanproperties.lodgify.com/property/luxury-villa-6,"6077 Main St, City, State 88899",https://www.oceanproperties.com,+1-697-255-9377,contact@oceanproperties.com,https://facebook.com/oceanproperties,https://instagram.com/oceanproperties,https://twitter.com/oceanproperties,,,Pool; WiFi; Parking; Kitchen; Air Conditioning,True,False
mountainproperties.lodgify.com,https://mountainproperties.lodgify.com,13,6,https://mountainproperties.lodgify.com/property/luxury-villa-1; https://mountainproperties.lodgify.com/property/luxury-villa-2; https://mountainproperties.lodgify.com/property/luxury-villa-3; https://mountainproperties.lodgify.com/property/luxury-villa-4; https://mountainproperties.lodgify.com/property/luxury-villa-5; https://mountainproperties.lodgify.com/property/luxury-villa-6,"5784 Main St, City, State 46924",https://www.mountainproperties.com,+1-869-634-9187,contact@mountainproperties.com,https://facebook.com/mountainproperties,https://instagram.com/mountainproperties,https://twitter.com/mountainproperties,,,Pool; WiFi; Parking; Kitchen; Air Conditioning,True,False
cityproperties.lodgify.com,https://cityproperties.lodgify.com,27,2,https://cityproperties.lodgify.com/property/luxury-villa-1; https://cityproperties.lodgify.com/property/luxury-villa-2,"1355 Main St, City, State 72765",https://www.cityproperties.com,+1-454-829-1803,contact@cityproperties.com,https://facebook.com/cityproperties,https://instagram.com/cityproperties,https://twitter.com/cityproperties,,,Pool; WiFi; Parking; Kitchen; Air Conditioning,True,False
beachproperties.lodgify.com,https://beachproperties.lodgify.com,32,5,https://beachproperties.lodgify.com/property/luxury-villa-1; https://beachproperties.lodgify.com/property/luxury-villa-2; https://beachproperties.lodgify.com/property/luxury-villa-3; https://beachproperties.lodgify.com/property/luxury-villa-4; https://beachproperties.lodgify.com/property/luxury-villa-5,"5991 Main St, City, State 74144",https://www.beachproperties.com,+1-443-447-4981,contact@beachproperties.com,https://facebook.com/beachproperties,https://instagram.com/beachproperties,https://twitter.com/beachproperties,,,Pool; WiFi; Parking; Kitchen; Air Conditioning,True,False
lakeproperties.lodgify.com,https://lakeproperties.lodgify.com,10,2,https://lakeproperties.lodgify.com/property/luxury-villa-1; https://lakeproperties.lodgify.com/property/luxury-villa-2,"5433 Main St, City, State 20674",https://www.lakeproperties.com,+1-676-343-1963,contact@lakeproperties.com,https://facebook.com/lakeproperties,https://instagram.com/lakeproperties,https://twitter.com/lakeproperties,,,Pool; WiFi; Parking; Kitchen; Air Conditioning,True,False
forestproperties.lodgify.com,https://forestproperties.lodgify.com,11,2,https://forestproperties.lodgify.com/property/luxury-villa-1; https://forestproperties.lodgify.com/property/luxury-villa-2,"9795 Main St, City, State 22680",https://www.forestproperties.com,+1-558-660-3407,contact@forestproperties.com,https://facebook.com/forestproperties,https://instagram.com/forestproperties,https://twitter.com/forestproperties,,,Pool; WiFi; Parking; Kitchen; Air Conditioning,True,False
valleyproperties.lodgify.com,https://valleyproperties.lodgify.com,35,6,https://valleyproperties.lodgify.com/property/luxury-villa-1; https://valleyproperties.lodgify.com/property/luxury-villa-2; https://valleyproperties.lodgify.com/property/luxury-villa-3; https://valleyproperties.lodgify.com/property/luxury-villa-4; https://valleyproperties.lodgify.com/property/luxury-villa-5; https://valleyproperties.lodgify.com/property/luxury-villa-6,"972 Main St, City, State 61402",https://www.valleyproperties.com,+1-415-565-7972,contact@valleyproperties.com,https://facebook.com/valleyproperties,https://instagram.com/valleyproperties,https://twitter.com/valleyproperties,,,Pool; WiFi; Parking; Kitchen; Air Conditioning,True,False
hillproperties.lodgify.com,https://hillproperties.lodgify.com,12,7,https://hillproperties.lodgify.com/property/luxury-villa-1; https://hillproperties.lodgify.com/property/luxury-villa-2; https://hillproperties.lodgify.com/property/luxury-villa-3; https://hillproperties.lodgify.com/property/luxury-villa-4; https://hillproperties.lodgify.com/property/luxury-villa-5; https://hillproperties.lodgify.com/property/luxury-villa-6; https://hillproperties.lodgify.com/property/luxury-villa-7,"5149 Main St, City, State 97732",https://www.hillproperties.com,+1-964-830-6895,contact@hillproperties.com,https://facebook.com/hillproperties,https://instagram.com/hillproperties,https://twitter.com/hillproperties,,,Pool; WiFi; Parking; Kitchen; Air Conditioning,True,False
riverproperties.lodgify.com,https://riverproperties.lodgify.com,36,2,https://riverproperties.lodgify.com/property/luxury-villa-1; https://riverproperties.lodgify.com/property/luxury-villa-2,"1470 Main St, City, State 79575",https://www.riverproperties.com,+1-536-772-6592,contact@riverproperties.com,https://facebook.com/riverproperties,https://instagram.com/riverproperties,https://twitter.com/riverproperties,,,Pool; WiFi; Parking; Kitchen; Air Conditioning,True,False
sunsetproperties.lodgify.com,https://sunsetproperties.lodgify.com,30,3,https://sunsetproperties.lodgify.com/property/luxury-villa-1; https://sunsetproperties.lodgify.com/property/luxury-villa-2; https://sunsetproperties.lodgify.com/property/luxury-villa-3,"1852 Main St, City, State 88587",https://www.sunsetproperties.com,+1-573-638-7257,contact@sunsetproperties.com,https://facebook.com/sunsetproperties,https://instagram.com/sunsetproperties,https://twitter.com/sunsetproperties,,,Pool; WiFi; Parking; Kitchen; Air Conditioning,True,False
oceanvacation.lodgify.com,https://oceanvacation.lodgify.com,43,6,https://oceanvacation.lodgify.com/property/luxury-villa-1; https://oceanvacation.lodgify.com/property/luxury-villa-2; https://oceanvacation.lodgify.com/property/luxury-villa-3; https://oceanvacation.lodgify.com/property/luxury-villa-4; https://oceanvacation.lodgify.com/property/luxury-villa-5; https://oceanvacation.lodgify.com/property/luxury-villa-6,"9059 Main St, City, State 11167",https://www.oceanvacation.com,+1-713-685-1047,contact@oceanvacation.com,https://facebook.com/oceanvacation,https://instagram.com/oceanvacation,https://twitter.com/oceanvacation,,,Pool; WiFi; Parking; Kitchen; Air Conditioning,True,False
mountainvacation.lodgify.com,https://mountainvacation.lodgify.com,7,7,https://mountainvacation.lodgify.com/property/luxury-villa-1; https://mountainvacation.lodgify.com/property/luxury-villa-2; https://mountainvacation.lodgify.com/property/luxury-villa-3; https://mountainvacation.lodgify.com/property/luxury-villa-4; https://mountainvacation.lodgify.com/property/luxury-villa-5; https://mountainvacation.lodgify.com/property/luxury-villa-6; https://mountainvacation.lodgify.com/property/luxury-villa-7,"4828 Main St, City, State 72570",https://www.mountainvacation.com,+1-956-702-2794,contact@mountainvacation.com,https://facebook.com/mountainvacation,https://instagram.com/mountainvacation,https://twitter.com/mountainvacation,,,Pool; WiFi; Parking; Kitchen; Air Conditioning,True,False
cityvacation.lodgify.com,https://cityvacation.lodgify.com,34,5,https://cityvacation.lodgify.com/property/luxury-villa-1; https://cityvacation.lodgify.com/property/luxury-villa-2; https://cityvacation.lodgify.com/property/luxury-villa-3; https://cityvacation.lodgify.com/property/luxury-villa-4; https://cityvacation.lodgify.com/property/luxury-villa-5,"701 Main St, City, State 75150",https://www.cityvacation.com,+1-611-223-5196,contact@cityvacation.com,https://facebook.com/cityvacation,https://instagram.com/cityvacation,https://twitter.com/cityvacation,,,Pool; WiFi; Parking; Kitchen; Air Conditioning,True,False
beachvacation.lodgify.com,https://beachvacation.lodgify.com,35,7,https://beachvacation.lodgify.com/property/luxury-villa-1; https://beachvacation.lodgify.com/property/luxury-villa-2; https://beachvacation.lodgify.com/property/luxury-villa-3; https://beachvacation.lodgify.com/property/luxury-villa-4; https://beachvacation.lodgify.com/property/luxury-villa-5; https://beachvacation.lodgify.com/property/luxury-villa-6; https://beachvacation.lodgify.com/property/luxury-villa-7,"8091 Main St, City, State 20976",https://www.beachvacation.com,+1-985-484-5421,contact@beachvacation.com,https://facebook.com/beachvacation,https://instagram.com/beachvacation,https://twitter.com/beachvacation,,,Pool; WiFi; Parking; Kitchen; Air Conditioning,True,False
lakevacation.lodgify.com,https://lakevacation.lodgify.com,42,6,https://lakevacation.lodgify.com/property/luxury-villa-1; https://lakevacation.lodgify.com/property/luxury-villa-2; https://lakevacation.lodgify.com/property/luxury-villa-3; https://lakevacation.lodgify.com/property/luxury-villa-4; https://lakevacation.lodgify.com/property/luxury-villa-5; https://lakevacation.lodgify.com/property/luxury-villa-6,"3171 Main St, City, State 41475",https://www.lakevacation.com,+1-836-803-5008,contact@lakevacation.com,https://facebook.com/lakevacation,https://instagram.com/lakevacation,https://twitter.com/lakevacation,,,Pool; WiFi; Parking; Kitchen; Air Conditioning,True,False
forestvacation.lodgify.com,https://forestvacation.lodgify.com,25,3,https://forestvacation.lodgify.com/property/luxury-villa-1; https://forestvacation.lodgify.com/property/luxury-villa-2; https://forestvacation.lodgify.com/property/luxury-villa-3,"3990 Main St, City, State 81894",https://www.forestvacation.com,+1-714-927-3731,contact@forestvacation.com,https://facebook.com/forestvacation,https://instagram.com/forestvacation,https://twitter.com/forestvacation,,,Pool; WiFi; Parking; Kitchen; Air Conditioning,True,False
valleyvacation.lodgify.com,https://valleyvacation.lodgify.com,47,7,https://valleyvacation.lodgify.com/property/luxury-villa-1; https://valleyvacation.lodgify.com/property/luxury-villa-2; https://valleyvacation.lodgify.com/property/luxury-villa-3; https://valleyvacation.lodgify.com/property/luxury-villa-4; https://valleyvacation.lodgify.com/property/luxury-villa-5; https://valleyvacation.lodgify.com/property/luxury-villa-6; https://valleyvacation.lodgify.com/property/luxury-villa-7,"9723 Main St, City, State 52623",https://www.valleyvacation.com,+1-248-522-7549,contact@valleyvacation.com,https://facebook.com/valleyvacation,https://instagram.com/valleyvacation,https://twitter.com/valleyvacation,,,Pool; WiFi; Parking; Kitchen; Air Conditioning,True,False
hillvacation.lodgify.com,https://hillvacation.lodgify.com,33,5,https://hillvacation.lodgify.com/property/luxury-villa-1; https://hillvacation.lodgify.com/property/luxury-villa-2; https://hillvacation.lodgify.com/property/luxury-villa-3; https://hillvacation.lodgify.com/property/luxury-villa-4; https://hillvacation.lodgify.com/property/luxury-villa-5,"2300 Main St, City, State 41925",https://www.hillvacation.com,+1-470-262-1621,contact@hillvacation.com,https://facebook.com/hillvacation,https://instagram.com/hillvacation,https://twitter.com/hillvacation,,,Pool; WiFi; Parking; Kitchen; Air Conditioning,True,False
rivervacation.lodgify.com,https://rivervacation.lodgify.com,19,4,https://rivervacation.lodgify.com/property/luxury-villa-1; https://rivervacation.lodgify.com/property/luxury-villa-2; https://rivervacation.lodgify.com/property/luxury-villa-3; https://rivervacation.lodgify.com/property/luxury-villa-4,"8166 Main St, City, State 63068",https://www.rivervacation.com,+1-264-731-6019,contact@rivervacation.com,https://facebook.com/rivervacation,https://instagram.com/rivervacation,https://twitter.com/rivervacation,,,Pool; WiFi; Parking; Kitchen; Air Conditioning,True,False
sunsetvacation.lodgify.com,https://sunsetvacation.lodgify.com,18,5,https://sunsetvacation.lodgify.com/property/luxury-villa-1; https://sunsetvacation.lodgify.com/property/luxury-villa-2; https://sunsetvacation.lodgify.com/property/luxury-villa-3; https://sunsetvacation.lodgify.com/property/luxury-villa-4; https://sunsetvacation.lodgify.com/property/luxury-villa-5,"6887 Main St, City, State 16370",https://www.sunsetvacation.com,+1-944-998-8546,contact@sunsetvacation.com,https://facebook.com/sunsetvacation,https://instagram.com/sunsetvacation,https://twitter.com/sunsetvacation,,,Pool; WiFi; Parking; Kitchen; Air Conditioning,True,False
property080.lodgify.com,https://property080.lodgify.com,19,3,https://property080.lodgify.com/property/luxury-villa-1; https://property080.lodgify.com/property/luxury-villa-2; https://property080.lodgify.com/property/luxury-villa-3,"5664 Main St, City, State 60492",https://www.property080.com,+1-582-250-4171,contact@property080.com,https://facebook.com/property080,https://instagram.com/property080,https://twitter.com/property080,,,Pool; WiFi; Parking; Kitchen; Air Conditioning,True,False
property081.lodgify.com,https://property081.lodgify.com,30,2,https://property081.lodgify.com/property/luxury-villa-1; https://property081.lodgify.com/property/luxury-villa-2,"2642 Main St, City, State 44967",https://www.property081.com,+1-431-584-9304,contact@property081.com,https://facebook.com/property081,https://instagram.com/property081,https://twitter.com/property081,,,Pool; WiFi; Parking; Kitchen; Air Conditioning,True,False
property082.lodgify.com,https://property082.lodgify.com,40,6,https://property082.lodgify.com/property/luxury-villa-1; https://property082.lodgify.com/property/luxury-villa-2; https://property082.lodgify.com/property/luxury-villa-3; https://property082.lodgify.com/property/luxury-villa-4; https://property082.lodgify.com/property/luxury-villa-5; https://property082.lodgify.com/property/luxury-villa-6,"3964 Main St, City, State 37536",https://www.property082.com,+1-246-457-7872,contact@property082.com,https://facebook.com/property082,https://instagram.com/property082,https://twitter.com/property082,,,Pool; WiFi; Parking; Kitchen; Air Conditioning,True,False
property083.lodgify.com,https://property083.lodgify.com,39,5,https://property083.lodgify.com/property/luxury-villa-1; https://property083.lodgify.com/property/luxury-villa-2; https://property083.lodgify.com/property/luxury-villa-3; https://property083.lodgify.com/property/luxury-villa-4; https://property083.lodgify.com/property/luxury-villa-5,"3912 Main St, City, State 12863",https://www.property083.com,+1-714-202-9238,contact@property083.com,https://facebook.com/property083,https://instagram.com/property083,https://twitter.com/property083,,,Pool; WiFi; Parking; Kitchen; Air Conditioning,True,False
property084.lodgify.com,https://property084.lodgify.com,48,2,https://property084.lodgify.com/property/luxury-villa-1; https://property084.lodgify.com/property/luxury-villa-2,"3238 Main St, City, State 16400",https://www.property084.com,+1-256-800-3252,contact@property084.com,https://facebook.com/property084,https://instagram.com/property084,https://twitter.com/property084,,,Pool; WiFi; Parking; Kitchen; Air Conditioning,True,False
property085.lodgify.com,https://property085.lodgify.com,24,4,https://property085.lodgify.com/property/luxury-villa-1; https://property085.lodgify.com/property/luxury-villa-2; https://property085.lodgify.com/property/luxury-villa-3; https://property085.lodgify.com/property/luxury-villa-4,"141 Main St, City, State 24148",https://www.property085.com,+1-799-572-5120,contact@property085.com,https://facebook.com/property085,https://instagram.com/property085,https://twitter.com/property085,,,Pool; WiFi; Parking; Kitchen; Air Conditioning,True,False
property086.lodgify.com,https://property086.lodgify.com,28,2,https://property086.lodgify.com/property/luxury-villa-1; https://property086.lodgify.com/property/luxury-villa-2,"8292 Main St, City, State 15053",https://www.property086.com,+1-453-600-9663,contact@property086.com,https://facebook.com/property086,https://instagram.com/property086,https://twitter.com/property086,,,Pool; WiFi; Parking; Kitchen; Air Conditioning,True,False
property087.lodgify.com,https://property087.lodgify.com,49,3,https://property087.lodgify.com/property/luxury-villa-1; https://property087.lodgify.com/property/luxury-villa-2; https://property087.lodgify.com/property/luxury-villa-3,"3377 Main St, City, State 73477",https://www.property087.com,+1-486-707-1586,contact@property087.com,https://facebook.com/property087,https://instagram.com/property087,https://twitter.com/property087,,,Pool; WiFi; Parking; Kitchen; Air Conditioning,True,False
property088.lodgify.com,https://property088.lodgify.com,16,7,https://property088.lodgify.com/property/luxury-villa-1; https://property088.lodgify.com/property/luxury-villa-2; https://property088.lodgify.com/property/luxury-villa-3; https://property088.lodgify.com/property/luxury-villa-4; https://property088.lodgify.com/property/luxury-villa-5; https://property088.lodgify.com/property/luxury-villa-6; https://property088.lodgify.com/property/luxury-villa-7,"4356 Main St, City, State 27547",https://www.property088.com,+1-650-407-4179,contact@property088.com,https://facebook.com/property088,https://instagram.com/property088,https://twitter.com/property088,,,Pool; WiFi; Parking; Kitchen; Air Conditioning,True,False
property089.lodgify.com,https://property089.lodgify.com,32,3,https://property089.lodgify.com/property/luxury-villa-1; https://property089.lodgify.com/property/luxury-villa-2; https://property089.lodgify.com/property/luxury-villa-3,"4318 Main St, City, State 61544",https://www.property089.com,+1-925-240-2978,contact@property089.com,https://facebook.com/property089,https://instagram.com/property089,https://twitter.com/property089,,,Pool; WiFi; Parking; Kitchen; Air Conditioning,True,False
property090.lodgify.com,https://property090.lodgify.com,18,7,https://property090.lodgify.com/property/luxury-villa-1; https://property090.lodgify.com/property/luxury-villa-2; https://property090.lodgify.com/property/luxury-villa-3; https://property090.lodgify.com/property/luxury-villa-4; https://property090.lodgify.com/property/luxury-villa-5; https://property090.lodgify.com/property/luxury-villa-6; https://property090.lodgify.com/property/luxury-villa-7,"1218 Main St, City, State 78397",https://www.property090.com,+1-923-263-9794,contact@property090.com,https://facebook.com/property090,https://instagram.com/property090,https://twitter.com/property090,,,Pool; WiFi; Parking; Kitchen; Air Conditioning,True,False
property091.lodgify.com,https://property091.lodgify.com,28,4,https://property091.lodgify.com/property/luxury-villa-1; https://property091.lodgify.com/property/luxury-villa-2; https://property091.lodgify.com/property/luxury-villa-3; https://property091.lodgify.com/property/luxury-villa-4,"7626 Main St, City, State 14021",https://www.property091.com,+1-349-504-4852,contact@property091.com,https://facebook.com/property091,https://instagram.com/property091,https://twitter.com/property091,,,Pool; WiFi; Parking; Kitchen; Air Conditioning,True,False
property092.lodgify.com,https://property092.lodgify.com,43,3,https://property092.lodgify.com/property/luxury-villa-1; https://property092.lodgify.com/property/luxury-villa-2; https://property092.lodgify.com/property/luxury-villa-3,"4207 Main St, City, State 57082",https://www.property092.com,+1-572-294-8670,contact@property092.com,https://facebook.com/property092,https://instagram.com/property092,https://twitter.com/property092,,,Pool; WiFi; Parking; Kitchen; Air Conditioning,True,False
property093.lodgify.com,https://property093.lodgify.com,8,4,https://property093.lodgify.com/property/luxury-villa-1; https://property093.lodgify.com/property/luxury-villa-2; https://property093.lodgify.com/property/luxury-villa-3; https://property093.lodgify.com/property/luxury-villa-4,"2297 Main St, City, State 59548",https://www.property093.com,+1-200-835-6340,contact@property093.com,https://facebook.com/property093,https://instagram.com/property093,https://twitter.com/property093,,,Pool; WiFi; Parking; Kitchen; Air Conditioning,True,False
property094.lodgify.com,https://property094.lodgify.com,19,5,https://property094.lodgify.com/property/luxury-villa-1; https://property094.lodgify.com/property/luxury-villa-2; https://property094.lodgify.com/property/luxury-villa-3; https://property094.lodgify.com/property/luxury-villa-4; https://property094.lodgify.com/property/luxury-villa-5,"5130 Main St, City, State 87101",https://www.property094.com,+1-686-613-8512,contact@property094.com,https://facebook.com/property094,https://instagram.com/property094,https://twitter.com/property094,,,Pool; WiFi; Parking; Kitchen; Air Conditioning,True,False
property095.lodgify.com,https://property095.lodgify.com,28,5,https://property095.lodgify.com/property/luxury-villa-1; https://property095.lodgify.com/property/luxury-villa-2; https://property095.lodgify.com/property/luxury-villa-3; https://property095.lodgify.com/property/luxury-villa-4; https://property095.lodgify.com/property/luxury-villa-5,"3377 Main St, City, State 93441",https://www.property095.com,+1-820-610-2354,contact@property095.com,https://facebook.com/property095,https://instagram.com/property095,https://twitter.com/property095,,,Pool; WiFi; Parking; Kitchen; Air Conditioning,True,False
property096.lodgify.com,https://property096.lodgify.com,41,3,https://property096.lodgify.com/property/luxury-villa-1; https://property096.lodgify.com/property/luxury-villa-2; https://property096.lodgify.com/property/luxury-villa-3,"1550 Main St, City, State 83126",https://www.property096.com,+1-661-355-8260,contact@property096.com,https://facebook.com/property096,https://instagram.com/property096,https://twitter.com/property096,,,Pool; WiFi; Parking; Kitchen; Air Conditioning,True,False
